finding_window,subgroup,trajectory_window,observed_claims,expected_claims,q_hat,is_finding_window,thin_occupancy_window
2022-Q2,group_class=['COMMERCIAL NA OPEN MARKET']; leader_status=['FOLLOW']; loss_census_division=['East South Central']; new_renewal=['New']; peril_type=['Severe Storm - Tornado (TD)']; placing_basis_group=['OPEN MARKET - FACULTATIVE REINSURANCE']; risk_code=['P6']; syndicate=[1618.0],2022-Q1,0,0.0,0.0,False,False
2022-Q2,group_class=['COMMERCIAL NA OPEN MARKET']; leader_status=['FOLLOW']; loss_census_division=['East South Central']; new_renewal=['New']; peril_type=['Severe Storm - Tornado (TD)']; placing_basis_group=['OPEN MARKET - FACULTATIVE REINSURANCE']; risk_code=['P6']; syndicate=[1618.0],2022-Q2,24,0.0,9425.01,True,False
2022-Q2,group_class=['COMMERCIAL NA OPEN MARKET']; leader_status=['FOLLOW']; loss_census_division=['East South Central']; new_renewal=['New']; peril_type=['Severe Storm - Tornado (TD)']; placing_basis_group=['OPEN MARKET - FACULTATIVE REINSURANCE']; risk_code=['P6']; syndicate=[1618.0],2022-Q3,0,0.0,0.0,False,True
2022-Q2,group_class=['COMMERCIAL NA OPEN MARKET']; leader_status=['FOLLOW']; loss_census_division=['East South Central']; new_renewal=['New']; peril_type=['Severe Storm - Tornado (TD)']; placing_basis_group=['OPEN MARKET - FACULTATIVE REINSURANCE']; risk_code=['P6']; syndicate=[1618.0],2022-Q4,0,0.0,0.0,False,True
2022-Q2,group_class=['COMMERCIAL NA OPEN MARKET']; leader_status=['FOLLOW']; loss_census_division=['East South Central']; new_renewal=['New']; peril_type=['Severe Storm - Tornado (TD)']; placing_basis_group=['OPEN MARKET - FACULTATIVE REINSURANCE']; risk_code=['P6']; syndicate=[1618.0],2023-Q1,0,0.0,0.0,False,False
2022-Q2,group_class=['COMMERCIAL NA OPEN MARKET']; leader_status=['FOLLOW']; loss_census_division=['East South Central']; new_renewal=['New']; peril_type=['Severe Storm - Tornado (TD)']; placing_basis_group=['OPEN MARKET - FACULTATIVE REINSURANCE']; risk_code=['P6']; syndicate=[1618.0],2023-Q2,0,0.0,0.0,False,False
2022-Q2,group_class=['COMMERCIAL NA OPEN MARKET']; leader_status=['FOLLOW']; loss_census_division=['East South Central']; new_renewal=['New']; peril_type=['Severe Storm - Tornado (TD)']; placing_basis_group=['OPEN MARKET - FACULTATIVE REINSURANCE']; risk_code=['P6']; syndicate=[1618.0],2023-Q3,15,0.0,5085.621,False,False
2022-Q2,group_class=['COMMERCIAL NA OPEN MARKET']; leader_status=['FOLLOW']; loss_census_division=['East South Central']; new_renewal=['New']; peril_type=['Severe Storm - Tornado (TD)']; placing_basis_group=['OPEN MARKET - FACULTATIVE REINSURANCE']; risk_code=['P6']; syndicate=[1618.0],2023-Q4,0,0.0,0.0,False,False
2022-Q2,group_class=['COMMERCIAL NA OPEN MARKET']; leader_status=['FOLLOW']; loss_census_division=['East South Central']; new_renewal=['New']; peril_type=['Severe Storm - Tornado (TD)']; placing_basis_group=['OPEN MARKET - FACULTATIVE REINSURANCE']; risk_code=['P6']; syndicate=[1618.0],2024-Q1,0,0.0,0.0,False,False
2022-Q2,group_class=['COMMERCIAL NA OPEN MARKET']; leader_status=['FOLLOW']; loss_census_division=['East South Central']; new_renewal=['New']; peril_type=['Severe Storm - Tornado (TD)']; placing_basis_group=['OPEN MARKET - FACULTATIVE REINSURANCE']; risk_code=['P6']; syndicate=[1618.0],2024-Q2,0,0.0,0.0,False,False
2022-Q2,group_class=['COMMERCIAL NA OPEN MARKET']; leader_status=['FOLLOW']; loss_census_division=['East South Central']; new_renewal=['New']; peril_type=['Severe Storm - Tornado (TD)']; placing_basis_group=['OPEN MARKET - FACULTATIVE REINSURANCE']; risk_code=['P6']; syndicate=[1618.0],2024-Q3,0,0.01,0.0,False,False
2022-Q2,group_class=['COMMERCIAL NA OPEN MARKET']; leader_status=['FOLLOW']; loss_census_division=['East South Central']; new_renewal=['New']; peril_type=['Severe Storm - Tornado (TD)']; placing_basis_group=['OPEN MARKET - FACULTATIVE REINSURANCE']; risk_code=['P6']; syndicate=[1618.0],2024-Q4,0,0.0,0.0,False,False
2022-Q3,"group_class=['COMMERCIAL NA OPEN MARKET']; leader_status=['FOLLOW']; loss_census_division=['Middle Atlantic', 'West South Central']; new_renewal=['New']; peril_type=['Severe Storm - Tornado (TD)', 'Tropical Cyclone - Wind (TC)']; placing_basis_group=['OPEN MARKET', 'OPEN MARKET - DIRECT']; risk_code=['P2']",2022-Q1,7,2.23,3.141,False,False
2022-Q3,"group_class=['COMMERCIAL NA OPEN MARKET']; leader_status=['FOLLOW']; loss_census_division=['Middle Atlantic', 'West South Central']; new_renewal=['New']; peril_type=['Severe Storm - Tornado (TD)', 'Tropical Cyclone - Wind (TC)']; placing_basis_group=['OPEN MARKET', 'OPEN MARKET - DIRECT']; risk_code=['P2']",2022-Q2,2,3.12,0.64,False,False
2022-Q3,"group_class=['COMMERCIAL NA OPEN MARKET']; leader_status=['FOLLOW']; loss_census_division=['Middle Atlantic', 'West South Central']; new_renewal=['New']; peril_type=['Severe Storm - Tornado (TD)', 'Tropical Cyclone - Wind (TC)']; placing_basis_group=['OPEN MARKET', 'OPEN MARKET - DIRECT']; risk_code=['P2']",2022-Q3,50,1.6,31.23,True,True
2022-Q3,"group_class=['COMMERCIAL NA OPEN MARKET']; leader_status=['FOLLOW']; loss_census_division=['Middle Atlantic', 'West South Central']; new_renewal=['New']; peril_type=['Severe Storm - Tornado (TD)', 'Tropical Cyclone - Wind (TC)']; placing_basis_group=['OPEN MARKET', 'OPEN MARKET - DIRECT']; risk_code=['P2']",2022-Q4,1,1.4,0.716,False,True
2022-Q3,"group_class=['COMMERCIAL NA OPEN MARKET']; leader_status=['FOLLOW']; loss_census_division=['Middle Atlantic', 'West South Central']; new_renewal=['New']; peril_type=['Severe Storm - Tornado (TD)', 'Tropical Cyclone - Wind (TC)']; placing_basis_group=['OPEN MARKET', 'OPEN MARKET - DIRECT']; risk_code=['P2']",2023-Q1,30,3.48,8.609,False,False
2022-Q3,"group_class=['COMMERCIAL NA OPEN MARKET']; leader_status=['FOLLOW']; loss_census_division=['Middle Atlantic', 'West South Central']; new_renewal=['New']; peril_type=['Severe Storm - Tornado (TD)', 'Tropical Cyclone - Wind (TC)']; placing_basis_group=['OPEN MARKET', 'OPEN MARKET - DIRECT']; risk_code=['P2']",2023-Q2,8,3.55,2.255,False,False
2022-Q3,"group_class=['COMMERCIAL NA OPEN MARKET']; leader_status=['FOLLOW']; loss_census_division=['Middle Atlantic', 'West South Central']; new_renewal=['New']; peril_type=['Severe Storm - Tornado (TD)', 'Tropical Cyclone - Wind (TC)']; placing_basis_group=['OPEN MARKET', 'OPEN MARKET - DIRECT']; risk_code=['P2']",2023-Q3,5,3.62,1.382,False,False
2022-Q3,"group_class=['COMMERCIAL NA OPEN MARKET']; leader_status=['FOLLOW']; loss_census_division=['Middle Atlantic', 'West South Central']; new_renewal=['New']; peril_type=['Severe Storm - Tornado (TD)', 'Tropical Cyclone - Wind (TC)']; placing_basis_group=['OPEN MARKET', 'OPEN MARKET - DIRECT']; risk_code=['P2']",2023-Q4,6,2.97,2.023,False,False
2022-Q3,"group_class=['COMMERCIAL NA OPEN MARKET']; leader_status=['FOLLOW']; loss_census_division=['Middle Atlantic', 'West South Central']; new_renewal=['New']; peril_type=['Severe Storm - Tornado (TD)', 'Tropical Cyclone - Wind (TC)']; placing_basis_group=['OPEN MARKET', 'OPEN MARKET - DIRECT']; risk_code=['P2']",2024-Q1,0,5.06,0.0,False,False
2022-Q3,"group_class=['COMMERCIAL NA OPEN MARKET']; leader_status=['FOLLOW']; loss_census_division=['Middle Atlantic', 'West South Central']; new_renewal=['New']; peril_type=['Severe Storm - Tornado (TD)', 'Tropical Cyclone - Wind (TC)']; placing_basis_group=['OPEN MARKET', 'OPEN MARKET - DIRECT']; risk_code=['P2']",2024-Q2,1,4.54,0.22,False,False
2022-Q3,"group_class=['COMMERCIAL NA OPEN MARKET']; leader_status=['FOLLOW']; loss_census_division=['Middle Atlantic', 'West South Central']; new_renewal=['New']; peril_type=['Severe Storm - Tornado (TD)', 'Tropical Cyclone - Wind (TC)']; placing_basis_group=['OPEN MARKET', 'OPEN MARKET - DIRECT']; risk_code=['P2']",2024-Q3,9,6.22,1.446,False,False
2022-Q3,"group_class=['COMMERCIAL NA OPEN MARKET']; leader_status=['FOLLOW']; loss_census_division=['Middle Atlantic', 'West South Central']; new_renewal=['New']; peril_type=['Severe Storm - Tornado (TD)', 'Tropical Cyclone - Wind (TC)']; placing_basis_group=['OPEN MARKET', 'OPEN MARKET - DIRECT']; risk_code=['P2']",2024-Q4,8,4.68,1.71,False,False
2023-Q2,"group_class=['COMMERCIAL NA OPEN MARKET']; leader_status=['FOLLOW']; loss_census_division=['Middle Atlantic', 'New England', 'South Atlantic', 'West North Central', 'West South Central']; new_renewal=['New']; peril_type=['Non-catastrophe - Fire (NC-F)', 'Other Perils - Inland Flood (IF)', 'Severe Storm - Hail (HL)', 'Severe Storm - Tornado (TD)', 'Severe Storm - Winter Storm (WS)', 'Tropical Cyclone - Storm Surge (SU)', 'Tropical Cyclone - Wind (TC)']; placing_basis_group=['OPEN MARKET - DIRECT', 'OPEN MARKET - FACULTATIVE REINSURANCE']; risk_code=['P2']; syndicate=[1618.0]",2022-Q1,20,6.19,3.23,False,False
2023-Q2,"group_class=['COMMERCIAL NA OPEN MARKET']; leader_status=['FOLLOW']; loss_census_division=['Middle Atlantic', 'New England', 'South Atlantic', 'West North Central', 'West South Central']; new_renewal=['New']; peril_type=['Non-catastrophe - Fire (NC-F)', 'Other Perils - Inland Flood (IF)', 'Severe Storm - Hail (HL)', 'Severe Storm - Tornado (TD)', 'Severe Storm - Winter Storm (WS)', 'Tropical Cyclone - Storm Surge (SU)', 'Tropical Cyclone - Wind (TC)']; placing_basis_group=['OPEN MARKET - DIRECT', 'OPEN MARKET - FACULTATIVE REINSURANCE']; risk_code=['P2']; syndicate=[1618.0]",2022-Q2,7,8.68,0.807,False,False
2023-Q2,"group_class=['COMMERCIAL NA OPEN MARKET']; leader_status=['FOLLOW']; loss_census_division=['Middle Atlantic', 'New England', 'South Atlantic', 'West North Central', 'West South Central']; new_renewal=['New']; peril_type=['Non-catastrophe - Fire (NC-F)', 'Other Perils - Inland Flood (IF)', 'Severe Storm - Hail (HL)', 'Severe Storm - Tornado (TD)', 'Severe Storm - Winter Storm (WS)', 'Tropical Cyclone - Storm Surge (SU)', 'Tropical Cyclone - Wind (TC)']; placing_basis_group=['OPEN MARKET - DIRECT', 'OPEN MARKET - FACULTATIVE REINSURANCE']; risk_code=['P2']; syndicate=[1618.0]",2022-Q3,21,4.45,4.721,False,True
2023-Q2,"group_class=['COMMERCIAL NA OPEN MARKET']; leader_status=['FOLLOW']; loss_census_division=['Middle Atlantic', 'New England', 'South Atlantic', 'West North Central', 'West South Central']; new_renewal=['New']; peril_type=['Non-catastrophe - Fire (NC-F)', 'Other Perils - Inland Flood (IF)', 'Severe Storm - Hail (HL)', 'Severe Storm - Tornado (TD)', 'Severe Storm - Winter Storm (WS)', 'Tropical Cyclone - Storm Surge (SU)', 'Tropical Cyclone - Wind (TC)']; placing_basis_group=['OPEN MARKET - DIRECT', 'OPEN MARKET - FACULTATIVE REINSURANCE']; risk_code=['P2']; syndicate=[1618.0]",2022-Q4,19,3.88,4.896,False,True
2023-Q2,"group_class=['COMMERCIAL NA OPEN MARKET']; leader_status=['FOLLOW']; loss_census_division=['Middle Atlantic', 'New England', 'South Atlantic', 'West North Central', 'West South Central']; new_renewal=['New']; peril_type=['Non-catastrophe - Fire (NC-F)', 'Other Perils - Inland Flood (IF)', 'Severe Storm - Hail (HL)', 'Severe Storm - Tornado (TD)', 'Severe Storm - Winter Storm (WS)', 'Tropical Cyclone - Storm Surge (SU)', 'Tropical Cyclone - Wind (TC)']; placing_basis_group=['OPEN MARKET - DIRECT', 'OPEN MARKET - FACULTATIVE REINSURANCE']; risk_code=['P2']; syndicate=[1618.0]",2023-Q1,28,9.68,2.892,False,False
2023-Q2,"group_class=['COMMERCIAL NA OPEN MARKET']; leader_status=['FOLLOW']; loss_census_division=['Middle Atlantic', 'New England', 'South Atlantic', 'West North Central', 'West South Central']; new_renewal=['New']; peril_type=['Non-catastrophe - Fire (NC-F)', 'Other Perils - Inland Flood (IF)', 'Severe Storm - Hail (HL)', 'Severe Storm - Tornado (TD)', 'Severe Storm - Winter Storm (WS)', 'Tropical Cyclone - Storm Surge (SU)', 'Tropical Cyclone - Wind (TC)']; placing_basis_group=['OPEN MARKET - DIRECT', 'OPEN MARKET - FACULTATIVE REINSURANCE']; risk_code=['P2']; syndicate=[1618.0]",2023-Q2,183,9.85,18.57,True,False
2023-Q2,"group_class=['COMMERCIAL NA OPEN MARKET']; leader_status=['FOLLOW']; loss_census_division=['Middle Atlantic', 'New England', 'South Atlantic', 'West North Central', 'West South Central']; new_renewal=['New']; peril_type=['Non-catastrophe - Fire (NC-F)', 'Other Perils - Inland Flood (IF)', 'Severe Storm - Hail (HL)', 'Severe Storm - Tornado (TD)', 'Severe Storm - Winter Storm (WS)', 'Tropical Cyclone - Storm Surge (SU)', 'Tropical Cyclone - Wind (TC)']; placing_basis_group=['OPEN MARKET - DIRECT', 'OPEN MARKET - FACULTATIVE REINSURANCE']; risk_code=['P2']; syndicate=[1618.0]",2023-Q3,93,10.05,9.253,False,False
2023-Q2,"group_class=['COMMERCIAL NA OPEN MARKET']; leader_status=['FOLLOW']; loss_census_division=['Middle Atlantic', 'New England', 'South Atlantic', 'West North Central', 'West South Central']; new_renewal=['New']; peril_type=['Non-catastrophe - Fire (NC-F)', 'Other Perils - Inland Flood (IF)', 'Severe Storm - Hail (HL)', 'Severe Storm - Tornado (TD)', 'Severe Storm - Winter Storm (WS)', 'Tropical Cyclone - Storm Surge (SU)', 'Tropical Cyclone - Wind (TC)']; placing_basis_group=['OPEN MARKET - DIRECT', 'OPEN MARKET - FACULTATIVE REINSURANCE']; risk_code=['P2']; syndicate=[1618.0]",2023-Q4,78,8.24,9.464,False,False
2023-Q2,"group_class=['COMMERCIAL NA OPEN MARKET']; leader_status=['FOLLOW']; loss_census_division=['Middle Atlantic', 'New England', 'South Atlantic', 'West North Central', 'West South Central']; new_renewal=['New']; peril_type=['Non-catastrophe - Fire (NC-F)', 'Other Perils - Inland Flood (IF)', 'Severe Storm - Hail (HL)', 'Severe Storm - Tornado (TD)', 'Severe Storm - Winter Storm (WS)', 'Tropical Cyclone - Storm Surge (SU)', 'Tropical Cyclone - Wind (TC)']; placing_basis_group=['OPEN MARKET - DIRECT', 'OPEN MARKET - FACULTATIVE REINSURANCE']; risk_code=['P2']; syndicate=[1618.0]",2024-Q1,113,14.06,8.035,False,False
2023-Q2,"group_class=['COMMERCIAL NA OPEN MARKET']; leader_status=['FOLLOW']; loss_census_division=['Middle Atlantic', 'New England', 'South Atlantic', 'West North Central', 'West South Central']; new_renewal=['New']; peril_type=['Non-catastrophe - Fire (NC-F)', 'Other Perils - Inland Flood (IF)', 'Severe Storm - Hail (HL)', 'Severe Storm - Tornado (TD)', 'Severe Storm - Winter Storm (WS)', 'Tropical Cyclone - Storm Surge (SU)', 'Tropical Cyclone - Wind (TC)']; placing_basis_group=['OPEN MARKET - DIRECT', 'OPEN MARKET - FACULTATIVE REINSURANCE']; risk_code=['P2']; syndicate=[1618.0]",2024-Q2,127,12.6,10.078,False,False
2023-Q2,"group_class=['COMMERCIAL NA OPEN MARKET']; leader_status=['FOLLOW']; loss_census_division=['Middle Atlantic', 'New England', 'South Atlantic', 'West North Central', 'West South Central']; new_renewal=['New']; peril_type=['Non-catastrophe - Fire (NC-F)', 'Other Perils - Inland Flood (IF)', 'Severe Storm - Hail (HL)', 'Severe Storm - Tornado (TD)', 'Severe Storm - Winter Storm (WS)', 'Tropical Cyclone - Storm Surge (SU)', 'Tropical Cyclone - Wind (TC)']; placing_basis_group=['OPEN MARKET - DIRECT', 'OPEN MARKET - FACULTATIVE REINSURANCE']; risk_code=['P2']; syndicate=[1618.0]",2024-Q3,110,17.29,6.362,False,False
2023-Q2,"group_class=['COMMERCIAL NA OPEN MARKET']; leader_status=['FOLLOW']; loss_census_division=['Middle Atlantic', 'New England', 'South Atlantic', 'West North Central', 'West South Central']; new_renewal=['New']; peril_type=['Non-catastrophe - Fire (NC-F)', 'Other Perils - Inland Flood (IF)', 'Severe Storm - Hail (HL)', 'Severe Storm - Tornado (TD)', 'Severe Storm - Winter Storm (WS)', 'Tropical Cyclone - Storm Surge (SU)', 'Tropical Cyclone - Wind (TC)']; placing_basis_group=['OPEN MARKET - DIRECT', 'OPEN MARKET - FACULTATIVE REINSURANCE']; risk_code=['P2']; syndicate=[1618.0]",2024-Q4,108,12.99,8.311,False,False
2023-Q3,"group_class=['COMMERCIAL NA OPEN MARKET']; leader_status=['FOLLOW']; loss_census_division=['East North Central', 'East South Central', 'New England', 'Pacific', 'South Atlantic', 'West North Central', 'West South Central']; new_renewal=['New']; peril_type=['Non-catastrophe - Other (NC-O)', 'Severe Storm - Tornado (TD)', 'Severe Storm - Winter Storm (WS)', 'Tropical Cyclone - Precipitation Flood (PF)', 'Tropical Cyclone - Storm Surge (SU)']; placing_basis_group=['OPEN MARKET - DIRECT', 'OPEN MARKET - FACULTATIVE REINSURANCE']; risk_code=['P2', 'P6']; syndicate=[1618.0]",2022-Q1,0,4.07,0.0,False,False
2023-Q3,"group_class=['COMMERCIAL NA OPEN MARKET']; leader_status=['FOLLOW']; loss_census_division=['East North Central', 'East South Central', 'New England', 'Pacific', 'South Atlantic', 'West North Central', 'West South Central']; new_renewal=['New']; peril_type=['Non-catastrophe - Other (NC-O)', 'Severe Storm - Tornado (TD)', 'Severe Storm - Winter Storm (WS)', 'Tropical Cyclone - Precipitation Flood (PF)', 'Tropical Cyclone - Storm Surge (SU)']; placing_basis_group=['OPEN MARKET - DIRECT', 'OPEN MARKET - FACULTATIVE REINSURANCE']; risk_code=['P2', 'P6']; syndicate=[1618.0]",2022-Q2,24,5.7,4.211,False,False
2023-Q3,"group_class=['COMMERCIAL NA OPEN MARKET']; leader_status=['FOLLOW']; loss_census_division=['East North Central', 'East South Central', 'New England', 'Pacific', 'South Atlantic', 'West North Central', 'West South Central']; new_renewal=['New']; peril_type=['Non-catastrophe - Other (NC-O)', 'Severe Storm - Tornado (TD)', 'Severe Storm - Winter Storm (WS)', 'Tropical Cyclone - Precipitation Flood (PF)', 'Tropical Cyclone - Storm Surge (SU)']; placing_basis_group=['OPEN MARKET - DIRECT', 'OPEN MARKET - FACULTATIVE REINSURANCE']; risk_code=['P2', 'P6']; syndicate=[1618.0]",2022-Q3,3,2.92,1.027,False,True
2023-Q3,"group_class=['COMMERCIAL NA OPEN MARKET']; leader_status=['FOLLOW']; loss_census_division=['East North Central', 'East South Central', 'New England', 'Pacific', 'South Atlantic', 'West North Central', 'West South Central']; new_renewal=['New']; peril_type=['Non-catastrophe - Other (NC-O)', 'Severe Storm - Tornado (TD)', 'Severe Storm - Winter Storm (WS)', 'Tropical Cyclone - Precipitation Flood (PF)', 'Tropical Cyclone - Storm Surge (SU)']; placing_basis_group=['OPEN MARKET - DIRECT', 'OPEN MARKET - FACULTATIVE REINSURANCE']; risk_code=['P2', 'P6']; syndicate=[1618.0]",2022-Q4,1,2.55,0.392,False,True
2023-Q3,"group_class=['COMMERCIAL NA OPEN MARKET']; leader_status=['FOLLOW']; loss_census_division=['East North Central', 'East South Central', 'New England', 'Pacific', 'South Atlantic', 'West North Central', 'West South Central']; new_renewal=['New']; peril_type=['Non-catastrophe - Other (NC-O)', 'Severe Storm - Tornado (TD)', 'Severe Storm - Winter Storm (WS)', 'Tropical Cyclone - Precipitation Flood (PF)', 'Tropical Cyclone - Storm Surge (SU)']; placing_basis_group=['OPEN MARKET - DIRECT', 'OPEN MARKET - FACULTATIVE REINSURANCE']; risk_code=['P2', 'P6']; syndicate=[1618.0]",2023-Q1,10,6.36,1.573,False,False
2023-Q3,"group_class=['COMMERCIAL NA OPEN MARKET']; leader_status=['FOLLOW']; loss_census_division=['East North Central', 'East South Central', 'New England', 'Pacific', 'South Atlantic', 'West North Central', 'West South Central']; new_renewal=['New']; peril_type=['Non-catastrophe - Other (NC-O)', 'Severe Storm - Tornado (TD)', 'Severe Storm - Winter Storm (WS)', 'Tropical Cyclone - Precipitation Flood (PF)', 'Tropical Cyclone - Storm Surge (SU)']; placing_basis_group=['OPEN MARKET - DIRECT', 'OPEN MARKET - FACULTATIVE REINSURANCE']; risk_code=['P2', 'P6']; syndicate=[1618.0]",2023-Q2,118,6.47,18.23,False,False
2023-Q3,"group_class=['COMMERCIAL NA OPEN MARKET']; leader_status=['FOLLOW']; loss_census_division=['East North Central', 'East South Central', 'New England', 'Pacific', 'South Atlantic', 'West North Central', 'West South Central']; new_renewal=['New']; peril_type=['Non-catastrophe - Other (NC-O)', 'Severe Storm - Tornado (TD)', 'Severe Storm - Winter Storm (WS)', 'Tropical Cyclone - Precipitation Flood (PF)', 'Tropical Cyclone - Storm Surge (SU)']; placing_basis_group=['OPEN MARKET - DIRECT', 'OPEN MARKET - FACULTATIVE REINSURANCE']; risk_code=['P2', 'P6']; syndicate=[1618.0]",2023-Q3,154,6.6,23.327,True,False
2023-Q3,"group_class=['COMMERCIAL NA OPEN MARKET']; leader_status=['FOLLOW']; loss_census_division=['East North Central', 'East South Central', 'New England', 'Pacific', 'South Atlantic', 'West North Central', 'West South Central']; new_renewal=['New']; peril_type=['Non-catastrophe - Other (NC-O)', 'Severe Storm - Tornado (TD)', 'Severe Storm - Winter Storm (WS)', 'Tropical Cyclone - Precipitation Flood (PF)', 'Tropical Cyclone - Storm Surge (SU)']; placing_basis_group=['OPEN MARKET - DIRECT', 'OPEN MARKET - FACULTATIVE REINSURANCE']; risk_code=['P2', 'P6']; syndicate=[1618.0]",2023-Q4,64,5.41,11.823,False,False
2023-Q3,"group_class=['COMMERCIAL NA OPEN MARKET']; leader_status=['FOLLOW']; loss_census_division=['East North Central', 'East South Central', 'New England', 'Pacific', 'South Atlantic', 'West North Central', 'West South Central']; new_renewal=['New']; peril_type=['Non-catastrophe - Other (NC-O)', 'Severe Storm - Tornado (TD)', 'Severe Storm - Winter Storm (WS)', 'Tropical Cyclone - Precipitation Flood (PF)', 'Tropical Cyclone - Storm Surge (SU)']; placing_basis_group=['OPEN MARKET - DIRECT', 'OPEN MARKET - FACULTATIVE REINSURANCE']; risk_code=['P2', 'P6']; syndicate=[1618.0]",2024-Q1,108,9.24,11.692,False,False
2023-Q3,"group_class=['COMMERCIAL NA OPEN MARKET']; leader_status=['FOLLOW']; loss_census_division=['East North Central', 'East South Central', 'New England', 'Pacific', 'South Atlantic', 'West North Central', 'West South Central']; new_renewal=['New']; peril_type=['Non-catastrophe - Other (NC-O)', 'Severe Storm - Tornado (TD)', 'Severe Storm - Winter Storm (WS)', 'Tropical Cyclone - Precipitation Flood (PF)', 'Tropical Cyclone - Storm Surge (SU)']; placing_basis_group=['OPEN MARKET - DIRECT', 'OPEN MARKET - FACULTATIVE REINSURANCE']; risk_code=['P2', 'P6']; syndicate=[1618.0]",2024-Q2,99,8.28,11.96,False,False
2023-Q3,"group_class=['COMMERCIAL NA OPEN MARKET']; leader_status=['FOLLOW']; loss_census_division=['East North Central', 'East South Central', 'New England', 'Pacific', 'South Atlantic', 'West North Central', 'West South Central']; new_renewal=['New']; peril_type=['Non-catastrophe - Other (NC-O)', 'Severe Storm - Tornado (TD)', 'Severe Storm - Winter Storm (WS)', 'Tropical Cyclone - Precipitation Flood (PF)', 'Tropical Cyclone - Storm Surge (SU)']; placing_basis_group=['OPEN MARKET - DIRECT', 'OPEN MARKET - FACULTATIVE REINSURANCE']; risk_code=['P2', 'P6']; syndicate=[1618.0]",2024-Q3,104,11.36,9.158,False,False
2023-Q3,"group_class=['COMMERCIAL NA OPEN MARKET']; leader_status=['FOLLOW']; loss_census_division=['East North Central', 'East South Central', 'New England', 'Pacific', 'South Atlantic', 'West North Central', 'West South Central']; new_renewal=['New']; peril_type=['Non-catastrophe - Other (NC-O)', 'Severe Storm - Tornado (TD)', 'Severe Storm - Winter Storm (WS)', 'Tropical Cyclone - Precipitation Flood (PF)', 'Tropical Cyclone - Storm Surge (SU)']; placing_basis_group=['OPEN MARKET - DIRECT', 'OPEN MARKET - FACULTATIVE REINSURANCE']; risk_code=['P2', 'P6']; syndicate=[1618.0]",2024-Q4,51,8.54,5.975,False,False
2023-Q4,"group_class=['COMMERCIAL NA OPEN MARKET']; leader_status=['FOLLOW']; loss_census_division=['East North Central', 'East South Central', 'Mountain', 'New England', 'Pacific', 'South Atlantic', 'West North Central', 'West South Central']; new_renewal=['New']; peril_type=['Non-catastrophe - Fire (NC-F)', 'Non-catastrophe - Other (NC-O)', 'Non-catastrophe - Weather (NC-W)', 'Severe Storm - Tornado (TD)', 'Severe Storm - Winter Storm (WS)', 'Tropical Cyclone - Precipitation Flood (PF)']; placing_basis_group=['OPEN MARKET - DIRECT', 'OPEN MARKET - FACULTATIVE REINSURANCE']; risk_code=['P2']; syndicate=[1618.0]",2022-Q1,18,4.71,3.823,False,False
2023-Q4,"group_class=['COMMERCIAL NA OPEN MARKET']; leader_status=['FOLLOW']; loss_census_division=['East North Central', 'East South Central', 'Mountain', 'New England', 'Pacific', 'South Atlantic', 'West North Central', 'West South Central']; new_renewal=['New']; peril_type=['Non-catastrophe - Fire (NC-F)', 'Non-catastrophe - Other (NC-O)', 'Non-catastrophe - Weather (NC-W)', 'Severe Storm - Tornado (TD)', 'Severe Storm - Winter Storm (WS)', 'Tropical Cyclone - Precipitation Flood (PF)']; placing_basis_group=['OPEN MARKET - DIRECT', 'OPEN MARKET - FACULTATIVE REINSURANCE']; risk_code=['P2']; syndicate=[1618.0]",2022-Q2,9,6.6,1.364,False,False
2023-Q4,"group_class=['COMMERCIAL NA OPEN MARKET']; leader_status=['FOLLOW']; loss_census_division=['East North Central', 'East South Central', 'Mountain', 'New England', 'Pacific', 'South Atlantic', 'West North Central', 'West South Central']; new_renewal=['New']; peril_type=['Non-catastrophe - Fire (NC-F)', 'Non-catastrophe - Other (NC-O)', 'Non-catastrophe - Weather (NC-W)', 'Severe Storm - Tornado (TD)', 'Severe Storm - Winter Storm (WS)', 'Tropical Cyclone - Precipitation Flood (PF)']; placing_basis_group=['OPEN MARKET - DIRECT', 'OPEN MARKET - FACULTATIVE REINSURANCE']; risk_code=['P2']; syndicate=[1618.0]",2022-Q3,8,3.38,2.366,False,True
2023-Q4,"group_class=['COMMERCIAL NA OPEN MARKET']; leader_status=['FOLLOW']; loss_census_division=['East North Central', 'East South Central', 'Mountain', 'New England', 'Pacific', 'South Atlantic', 'West North Central', 'West South Central']; new_renewal=['New']; peril_type=['Non-catastrophe - Fire (NC-F)', 'Non-catastrophe - Other (NC-O)', 'Non-catastrophe - Weather (NC-W)', 'Severe Storm - Tornado (TD)', 'Severe Storm - Winter Storm (WS)', 'Tropical Cyclone - Precipitation Flood (PF)']; placing_basis_group=['OPEN MARKET - DIRECT', 'OPEN MARKET - FACULTATIVE REINSURANCE']; risk_code=['P2']; syndicate=[1618.0]",2022-Q4,9,2.95,3.05,False,True
2023-Q4,"group_class=['COMMERCIAL NA OPEN MARKET']; leader_status=['FOLLOW']; loss_census_division=['East North Central', 'East South Central', 'Mountain', 'New England', 'Pacific', 'South Atlantic', 'West North Central', 'West South Central']; new_renewal=['New']; peril_type=['Non-catastrophe - Fire (NC-F)', 'Non-catastrophe - Other (NC-O)', 'Non-catastrophe - Weather (NC-W)', 'Severe Storm - Tornado (TD)', 'Severe Storm - Winter Storm (WS)', 'Tropical Cyclone - Precipitation Flood (PF)']; placing_basis_group=['OPEN MARKET - DIRECT', 'OPEN MARKET - FACULTATIVE REINSURANCE']; risk_code=['P2']; syndicate=[1618.0]",2023-Q1,19,7.36,2.581,False,False
2023-Q4,"group_class=['COMMERCIAL NA OPEN MARKET']; leader_status=['FOLLOW']; loss_census_division=['East North Central', 'East South Central', 'Mountain', 'New England', 'Pacific', 'South Atlantic', 'West North Central', 'West South Central']; new_renewal=['New']; peril_type=['Non-catastrophe - Fire (NC-F)', 'Non-catastrophe - Other (NC-O)', 'Non-catastrophe - Weather (NC-W)', 'Severe Storm - Tornado (TD)', 'Severe Storm - Winter Storm (WS)', 'Tropical Cyclone - Precipitation Flood (PF)']; placing_basis_group=['OPEN MARKET - DIRECT', 'OPEN MARKET - FACULTATIVE REINSURANCE']; risk_code=['P2']; syndicate=[1618.0]",2023-Q2,128,7.49,17.083,False,False
2023-Q4,"group_class=['COMMERCIAL NA OPEN MARKET']; leader_status=['FOLLOW']; loss_census_division=['East North Central', 'East South Central', 'Mountain', 'New England', 'Pacific', 'South Atlantic', 'West North Central', 'West South Central']; new_renewal=['New']; peril_type=['Non-catastrophe - Fire (NC-F)', 'Non-catastrophe - Other (NC-O)', 'Non-catastrophe - Weather (NC-W)', 'Severe Storm - Tornado (TD)', 'Severe Storm - Winter Storm (WS)', 'Tropical Cyclone - Precipitation Flood (PF)']; placing_basis_group=['OPEN MARKET - DIRECT', 'OPEN MARKET - FACULTATIVE REINSURANCE']; risk_code=['P2']; syndicate=[1618.0]",2023-Q3,101,7.64,13.217,False,False
2023-Q4,"group_class=['COMMERCIAL NA OPEN MARKET']; leader_status=['FOLLOW']; loss_census_division=['East North Central', 'East South Central', 'Mountain', 'New England', 'Pacific', 'South Atlantic', 'West North Central', 'West South Central']; new_renewal=['New']; peril_type=['Non-catastrophe - Fire (NC-F)', 'Non-catastrophe - Other (NC-O)', 'Non-catastrophe - Weather (NC-W)', 'Severe Storm - Tornado (TD)', 'Severe Storm - Winter Storm (WS)', 'Tropical Cyclone - Precipitation Flood (PF)']; placing_basis_group=['OPEN MARKET - DIRECT', 'OPEN MARKET - FACULTATIVE REINSURANCE']; risk_code=['P2']; syndicate=[1618.0]",2023-Q4,94,6.27,15.001,True,False
2023-Q4,"group_class=['COMMERCIAL NA OPEN MARKET']; leader_status=['FOLLOW']; loss_census_division=['East North Central', 'East South Central', 'Mountain', 'New England', 'Pacific', 'South Atlantic', 'West North Central', 'West South Central']; new_renewal=['New']; peril_type=['Non-catastrophe - Fire (NC-F)', 'Non-catastrophe - Other (NC-O)', 'Non-catastrophe - Weather (NC-W)', 'Severe Storm - Tornado (TD)', 'Severe Storm - Winter Storm (WS)', 'Tropical Cyclone - Precipitation Flood (PF)']; placing_basis_group=['OPEN MARKET - DIRECT', 'OPEN MARKET - FACULTATIVE REINSURANCE']; risk_code=['P2']; syndicate=[1618.0]",2024-Q1,111,10.69,10.382,False,False
2023-Q4,"group_class=['COMMERCIAL NA OPEN MARKET']; leader_status=['FOLLOW']; loss_census_division=['East North Central', 'East South Central', 'Mountain', 'New England', 'Pacific', 'South Atlantic', 'West North Central', 'West South Central']; new_renewal=['New']; peril_type=['Non-catastrophe - Fire (NC-F)', 'Non-catastrophe - Other (NC-O)', 'Non-catastrophe - Weather (NC-W)', 'Severe Storm - Tornado (TD)', 'Severe Storm - Winter Storm (WS)', 'Tropical Cyclone - Precipitation Flood (PF)']; placing_basis_group=['OPEN MARKET - DIRECT', 'OPEN MARKET - FACULTATIVE REINSURANCE']; risk_code=['P2']; syndicate=[1618.0]",2024-Q2,141,9.58,14.716,False,False
2023-Q4,"group_class=['COMMERCIAL NA OPEN MARKET']; leader_status=['FOLLOW']; loss_census_division=['East North Central', 'East South Central', 'Mountain', 'New England', 'Pacific', 'South Atlantic', 'West North Central', 'West South Central']; new_renewal=['New']; peril_type=['Non-catastrophe - Fire (NC-F)', 'Non-catastrophe - Other (NC-O)', 'Non-catastrophe - Weather (NC-W)', 'Severe Storm - Tornado (TD)', 'Severe Storm - Winter Storm (WS)', 'Tropical Cyclone - Precipitation Flood (PF)']; placing_basis_group=['OPEN MARKET - DIRECT', 'OPEN MARKET - FACULTATIVE REINSURANCE']; risk_code=['P2']; syndicate=[1618.0]",2024-Q3,106,13.15,8.064,False,False
2023-Q4,"group_class=['COMMERCIAL NA OPEN MARKET']; leader_status=['FOLLOW']; loss_census_division=['East North Central', 'East South Central', 'Mountain', 'New England', 'Pacific', 'South Atlantic', 'West North Central', 'West South Central']; new_renewal=['New']; peril_type=['Non-catastrophe - Fire (NC-F)', 'Non-catastrophe - Other (NC-O)', 'Non-catastrophe - Weather (NC-W)', 'Severe Storm - Tornado (TD)', 'Severe Storm - Winter Storm (WS)', 'Tropical Cyclone - Precipitation Flood (PF)']; placing_basis_group=['OPEN MARKET - DIRECT', 'OPEN MARKET - FACULTATIVE REINSURANCE']; risk_code=['P2']; syndicate=[1618.0]",2024-Q4,68,9.88,6.883,False,False
2024-Q1,"group_class=['COMMERCIAL NA OPEN MARKET']; leader_status=['FOLLOW']; loss_census_division=['East North Central', 'East South Central', 'Middle Atlantic', 'Mountain', 'New England', 'West North Central', 'West South Central']; peril_type=['Non-catastrophe - Fire (NC-F)', 'Non-catastrophe - Mechanical Failure (NC-M)', 'Non-catastrophe - Weather (NC-W)', 'Other Perils - Coastal Flood (CF)', 'Other Perils - Inland Flood (IF)', 'Severe Storm - Hail (HL)', 'Severe Storm - Severe Thunderstorm (ST)', 'Severe Storm - Tornado (TD)', 'Severe Storm - Winter Storm (WS)']; placing_basis_group=['OPEN MARKET - DIRECT', 'OPEN MARKET - FACULTATIVE REINSURANCE']; risk_code=['P2', 'P6']; syndicate=[1618.0]",2022-Q1,8,26.29,0.304,False,False
2024-Q1,"group_class=['COMMERCIAL NA OPEN MARKET']; leader_status=['FOLLOW']; loss_census_division=['East North Central', 'East South Central', 'Middle Atlantic', 'Mountain', 'New England', 'West North Central', 'West South Central']; peril_type=['Non-catastrophe - Fire (NC-F)', 'Non-catastrophe - Mechanical Failure (NC-M)', 'Non-catastrophe - Weather (NC-W)', 'Other Perils - Coastal Flood (CF)', 'Other Perils - Inland Flood (IF)', 'Severe Storm - Hail (HL)', 'Severe Storm - Severe Thunderstorm (ST)', 'Severe Storm - Tornado (TD)', 'Severe Storm - Winter Storm (WS)']; placing_basis_group=['OPEN MARKET - DIRECT', 'OPEN MARKET - FACULTATIVE REINSURANCE']; risk_code=['P2', 'P6']; syndicate=[1618.0]",2022-Q2,30,36.85,0.814,False,False
2024-Q1,"group_class=['COMMERCIAL NA OPEN MARKET']; leader_status=['FOLLOW']; loss_census_division=['East North Central', 'East South Central', 'Middle Atlantic', 'Mountain', 'New England', 'West North Central', 'West South Central']; peril_type=['Non-catastrophe - Fire (NC-F)', 'Non-catastrophe - Mechanical Failure (NC-M)', 'Non-catastrophe - Weather (NC-W)', 'Other Perils - Coastal Flood (CF)', 'Other Perils - Inland Flood (IF)', 'Severe Storm - Hail (HL)', 'Severe Storm - Severe Thunderstorm (ST)', 'Severe Storm - Tornado (TD)', 'Severe Storm - Winter Storm (WS)']; placing_basis_group=['OPEN MARKET - DIRECT', 'OPEN MARKET - FACULTATIVE REINSURANCE']; risk_code=['P2', 'P6']; syndicate=[1618.0]",2022-Q3,8,18.89,0.424,False,True
2024-Q1,"group_class=['COMMERCIAL NA OPEN MARKET']; leader_status=['FOLLOW']; loss_census_division=['East North Central', 'East South Central', 'Middle Atlantic', 'Mountain', 'New England', 'West North Central', 'West South Central']; peril_type=['Non-catastrophe - Fire (NC-F)', 'Non-catastrophe - Mechanical Failure (NC-M)', 'Non-catastrophe - Weather (NC-W)', 'Other Perils - Coastal Flood (CF)', 'Other Perils - Inland Flood (IF)', 'Severe Storm - Hail (HL)', 'Severe Storm - Severe Thunderstorm (ST)', 'Severe Storm - Tornado (TD)', 'Severe Storm - Winter Storm (WS)']; placing_basis_group=['OPEN MARKET - DIRECT', 'OPEN MARKET - FACULTATIVE REINSURANCE']; risk_code=['P2', 'P6']; syndicate=[1618.0]",2022-Q4,13,16.48,0.789,False,True
2024-Q1,"group_class=['COMMERCIAL NA OPEN MARKET']; leader_status=['FOLLOW']; loss_census_division=['East North Central', 'East South Central', 'Middle Atlantic', 'Mountain', 'New England', 'West North Central', 'West South Central']; peril_type=['Non-catastrophe - Fire (NC-F)', 'Non-catastrophe - Mechanical Failure (NC-M)', 'Non-catastrophe - Weather (NC-W)', 'Other Perils - Coastal Flood (CF)', 'Other Perils - Inland Flood (IF)', 'Severe Storm - Hail (HL)', 'Severe Storm - Severe Thunderstorm (ST)', 'Severe Storm - Tornado (TD)', 'Severe Storm - Winter Storm (WS)']; placing_basis_group=['OPEN MARKET - DIRECT', 'OPEN MARKET - FACULTATIVE REINSURANCE']; risk_code=['P2', 'P6']; syndicate=[1618.0]",2023-Q1,51,41.1,1.241,False,False
2024-Q1,"group_class=['COMMERCIAL NA OPEN MARKET']; leader_status=['FOLLOW']; loss_census_division=['East North Central', 'East South Central', 'Middle Atlantic', 'Mountain', 'New England', 'West North Central', 'West South Central']; peril_type=['Non-catastrophe - Fire (NC-F)', 'Non-catastrophe - Mechanical Failure (NC-M)', 'Non-catastrophe - Weather (NC-W)', 'Other Perils - Coastal Flood (CF)', 'Other Perils - Inland Flood (IF)', 'Severe Storm - Hail (HL)', 'Severe Storm - Severe Thunderstorm (ST)', 'Severe Storm - Tornado (TD)', 'Severe Storm - Winter Storm (WS)']; placing_basis_group=['OPEN MARKET - DIRECT', 'OPEN MARKET - FACULTATIVE REINSURANCE']; risk_code=['P2', 'P6']; syndicate=[1618.0]",2023-Q2,153,41.84,3.656,False,False
2024-Q1,"group_class=['COMMERCIAL NA OPEN MARKET']; leader_status=['FOLLOW']; loss_census_division=['East North Central', 'East South Central', 'Middle Atlantic', 'Mountain', 'New England', 'West North Central', 'West South Central']; peril_type=['Non-catastrophe - Fire (NC-F)', 'Non-catastrophe - Mechanical Failure (NC-M)', 'Non-catastrophe - Weather (NC-W)', 'Other Perils - Coastal Flood (CF)', 'Other Perils - Inland Flood (IF)', 'Severe Storm - Hail (HL)', 'Severe Storm - Severe Thunderstorm (ST)', 'Severe Storm - Tornado (TD)', 'Severe Storm - Winter Storm (WS)']; placing_basis_group=['OPEN MARKET - DIRECT', 'OPEN MARKET - FACULTATIVE REINSURANCE']; risk_code=['P2', 'P6']; syndicate=[1618.0]",2023-Q3,117,42.68,2.741,False,False
2024-Q1,"group_class=['COMMERCIAL NA OPEN MARKET']; leader_status=['FOLLOW']; loss_census_division=['East North Central', 'East South Central', 'Middle Atlantic', 'Mountain', 'New England', 'West North Central', 'West South Central']; peril_type=['Non-catastrophe - Fire (NC-F)', 'Non-catastrophe - Mechanical Failure (NC-M)', 'Non-catastrophe - Weather (NC-W)', 'Other Perils - Coastal Flood (CF)', 'Other Perils - Inland Flood (IF)', 'Severe Storm - Hail (HL)', 'Severe Storm - Severe Thunderstorm (ST)', 'Severe Storm - Tornado (TD)', 'Severe Storm - Winter Storm (WS)']; placing_basis_group=['OPEN MARKET - DIRECT', 'OPEN MARKET - FACULTATIVE REINSURANCE']; risk_code=['P2', 'P6']; syndicate=[1618.0]",2023-Q4,104,34.99,2.972,False,False
2024-Q1,"group_class=['COMMERCIAL NA OPEN MARKET']; leader_status=['FOLLOW']; loss_census_division=['East North Central', 'East South Central', 'Middle Atlantic', 'Mountain', 'New England', 'West North Central', 'West South Central']; peril_type=['Non-catastrophe - Fire (NC-F)', 'Non-catastrophe - Mechanical Failure (NC-M)', 'Non-catastrophe - Weather (NC-W)', 'Other Perils - Coastal Flood (CF)', 'Other Perils - Inland Flood (IF)', 'Severe Storm - Hail (HL)', 'Severe Storm - Severe Thunderstorm (ST)', 'Severe Storm - Tornado (TD)', 'Severe Storm - Winter Storm (WS)']; placing_basis_group=['OPEN MARKET - DIRECT', 'OPEN MARKET - FACULTATIVE REINSURANCE']; risk_code=['P2', 'P6']; syndicate=[1618.0]",2024-Q1,328,59.71,5.493,True,False
2024-Q1,"group_class=['COMMERCIAL NA OPEN MARKET']; leader_status=['FOLLOW']; loss_census_division=['East North Central', 'East South Central', 'Middle Atlantic', 'Mountain', 'New England', 'West North Central', 'West South Central']; peril_type=['Non-catastrophe - Fire (NC-F)', 'Non-catastrophe - Mechanical Failure (NC-M)', 'Non-catastrophe - Weather (NC-W)', 'Other Perils - Coastal Flood (CF)', 'Other Perils - Inland Flood (IF)', 'Severe Storm - Hail (HL)', 'Severe Storm - Severe Thunderstorm (ST)', 'Severe Storm - Tornado (TD)', 'Severe Storm - Winter Storm (WS)']; placing_basis_group=['OPEN MARKET - DIRECT', 'OPEN MARKET - FACULTATIVE REINSURANCE']; risk_code=['P2', 'P6']; syndicate=[1618.0]",2024-Q2,268,53.51,5.008,False,False
2024-Q1,"group_class=['COMMERCIAL NA OPEN MARKET']; leader_status=['FOLLOW']; loss_census_division=['East North Central', 'East South Central', 'Middle Atlantic', 'Mountain', 'New England', 'West North Central', 'West South Central']; peril_type=['Non-catastrophe - Fire (NC-F)', 'Non-catastrophe - Mechanical Failure (NC-M)', 'Non-catastrophe - Weather (NC-W)', 'Other Perils - Coastal Flood (CF)', 'Other Perils - Inland Flood (IF)', 'Severe Storm - Hail (HL)', 'Severe Storm - Severe Thunderstorm (ST)', 'Severe Storm - Tornado (TD)', 'Severe Storm - Winter Storm (WS)']; placing_basis_group=['OPEN MARKET - DIRECT', 'OPEN MARKET - FACULTATIVE REINSURANCE']; risk_code=['P2', 'P6']; syndicate=[1618.0]",2024-Q3,280,73.41,3.814,False,False
2024-Q1,"group_class=['COMMERCIAL NA OPEN MARKET']; leader_status=['FOLLOW']; loss_census_division=['East North Central', 'East South Central', 'Middle Atlantic', 'Mountain', 'New England', 'West North Central', 'West South Central']; peril_type=['Non-catastrophe - Fire (NC-F)', 'Non-catastrophe - Mechanical Failure (NC-M)', 'Non-catastrophe - Weather (NC-W)', 'Other Perils - Coastal Flood (CF)', 'Other Perils - Inland Flood (IF)', 'Severe Storm - Hail (HL)', 'Severe Storm - Severe Thunderstorm (ST)', 'Severe Storm - Tornado (TD)', 'Severe Storm - Winter Storm (WS)']; placing_basis_group=['OPEN MARKET - DIRECT', 'OPEN MARKET - FACULTATIVE REINSURANCE']; risk_code=['P2', 'P6']; syndicate=[1618.0]",2024-Q4,161,55.18,2.918,False,False
2024-Q3,"group_class=['COMMERCIAL NA OPEN MARKET']; leader_status=['FOLLOW']; loss_census_division=['East North Central', 'East South Central', 'Middle Atlantic', 'Mountain', 'Pacific', 'South Atlantic', 'West North Central', 'West South Central']; new_renewal=['New']; peril_type=['Non-catastrophe - Weather (NC-W)', 'Other Perils - Inland Flood (IF)', 'Severe Storm - Severe Thunderstorm (ST)', 'Severe Storm - Tornado (TD)', 'Severe Storm - Winter Storm (WS)']; placing_basis_group=['OPEN MARKET - DIRECT', 'OPEN MARKET - FACULTATIVE REINSURANCE']; risk_code=['P2', 'P6']; syndicate=[1618.0]",2022-Q1,4,4.81,0.832,False,False
2024-Q3,"group_class=['COMMERCIAL NA OPEN MARKET']; leader_status=['FOLLOW']; loss_census_division=['East North Central', 'East South Central', 'Middle Atlantic', 'Mountain', 'Pacific', 'South Atlantic', 'West North Central', 'West South Central']; new_renewal=['New']; peril_type=['Non-catastrophe - Weather (NC-W)', 'Other Perils - Inland Flood (IF)', 'Severe Storm - Severe Thunderstorm (ST)', 'Severe Storm - Tornado (TD)', 'Severe Storm - Winter Storm (WS)']; placing_basis_group=['OPEN MARKET - DIRECT', 'OPEN MARKET - FACULTATIVE REINSURANCE']; risk_code=['P2', 'P6']; syndicate=[1618.0]",2022-Q2,25,6.74,3.709,False,False
2024-Q3,"group_class=['COMMERCIAL NA OPEN MARKET']; leader_status=['FOLLOW']; loss_census_division=['East North Central', 'East South Central', 'Middle Atlantic', 'Mountain', 'Pacific', 'South Atlantic', 'West North Central', 'West South Central']; new_renewal=['New']; peril_type=['Non-catastrophe - Weather (NC-W)', 'Other Perils - Inland Flood (IF)', 'Severe Storm - Severe Thunderstorm (ST)', 'Severe Storm - Tornado (TD)', 'Severe Storm - Winter Storm (WS)']; placing_basis_group=['OPEN MARKET - DIRECT', 'OPEN MARKET - FACULTATIVE REINSURANCE']; risk_code=['P2', 'P6']; syndicate=[1618.0]",2022-Q3,4,3.46,1.158,False,True
2024-Q3,"group_class=['COMMERCIAL NA OPEN MARKET']; leader_status=['FOLLOW']; loss_census_division=['East North Central', 'East South Central', 'Middle Atlantic', 'Mountain', 'Pacific', 'South Atlantic', 'West North Central', 'West South Central']; new_renewal=['New']; peril_type=['Non-catastrophe - Weather (NC-W)', 'Other Perils - Inland Flood (IF)', 'Severe Storm - Severe Thunderstorm (ST)', 'Severe Storm - Tornado (TD)', 'Severe Storm - Winter Storm (WS)']; placing_basis_group=['OPEN MARKET - DIRECT', 'OPEN MARKET - FACULTATIVE REINSURANCE']; risk_code=['P2', 'P6']; syndicate=[1618.0]",2022-Q4,6,3.01,1.99,False,True
2024-Q3,"group_class=['COMMERCIAL NA OPEN MARKET']; leader_status=['FOLLOW']; loss_census_division=['East North Central', 'East South Central', 'Middle Atlantic', 'Mountain', 'Pacific', 'South Atlantic', 'West North Central', 'West South Central']; new_renewal=['New']; peril_type=['Non-catastrophe - Weather (NC-W)', 'Other Perils - Inland Flood (IF)', 'Severe Storm - Severe Thunderstorm (ST)', 'Severe Storm - Tornado (TD)', 'Severe Storm - Winter Storm (WS)']; placing_basis_group=['OPEN MARKET - DIRECT', 'OPEN MARKET - FACULTATIVE REINSURANCE']; risk_code=['P2', 'P6']; syndicate=[1618.0]",2023-Q1,26,7.52,3.458,False,False
2024-Q3,"group_class=['COMMERCIAL NA OPEN MARKET']; leader_status=['FOLLOW']; loss_census_division=['East North Central', 'East South Central', 'Middle Atlantic', 'Mountain', 'Pacific', 'South Atlantic', 'West North Central', 'West South Central']; new_renewal=['New']; peril_type=['Non-catastrophe - Weather (NC-W)', 'Other Perils - Inland Flood (IF)', 'Severe Storm - Severe Thunderstorm (ST)', 'Severe Storm - Tornado (TD)', 'Severe Storm - Winter Storm (WS)']; placing_basis_group=['OPEN MARKET - DIRECT', 'OPEN MARKET - FACULTATIVE REINSURANCE']; risk_code=['P2', 'P6']; syndicate=[1618.0]",2023-Q2,123,7.66,16.067,False,False
2024-Q3,"group_class=['COMMERCIAL NA OPEN MARKET']; leader_status=['FOLLOW']; loss_census_division=['East North Central', 'East South Central', 'Middle Atlantic', 'Mountain', 'Pacific', 'South Atlantic', 'West North Central', 'West South Central']; new_renewal=['New']; peril_type=['Non-catastrophe - Weather (NC-W)', 'Other Perils - Inland Flood (IF)', 'Severe Storm - Severe Thunderstorm (ST)', 'Severe Storm - Tornado (TD)', 'Severe Storm - Winter Storm (WS)']; placing_basis_group=['OPEN MARKET - DIRECT', 'OPEN MARKET - FACULTATIVE REINSURANCE']; risk_code=['P2', 'P6']; syndicate=[1618.0]",2023-Q3,84,7.81,10.759,False,False
2024-Q3,"group_class=['COMMERCIAL NA OPEN MARKET']; leader_status=['FOLLOW']; loss_census_division=['East North Central', 'East South Central', 'Middle Atlantic', 'Mountain', 'Pacific', 'South Atlantic', 'West North Central', 'West South Central']; new_renewal=['New']; peril_type=['Non-catastrophe - Weather (NC-W)', 'Other Perils - Inland Flood (IF)', 'Severe Storm - Severe Thunderstorm (ST)', 'Severe Storm - Tornado (TD)', 'Severe Storm - Winter Storm (WS)']; placing_basis_group=['OPEN MARKET - DIRECT', 'OPEN MARKET - FACULTATIVE REINSURANCE']; risk_code=['P2', 'P6']; syndicate=[1618.0]",2023-Q4,58,6.4,9.06,False,False
2024-Q3,"group_class=['COMMERCIAL NA OPEN MARKET']; leader_status=['FOLLOW']; loss_census_division=['East North Central', 'East South Central', 'Middle Atlantic', 'Mountain', 'Pacific', 'South Atlantic', 'West North Central', 'West South Central']; new_renewal=['New']; peril_type=['Non-catastrophe - Weather (NC-W)', 'Other Perils - Inland Flood (IF)', 'Severe Storm - Severe Thunderstorm (ST)', 'Severe Storm - Tornado (TD)', 'Severe Storm - Winter Storm (WS)']; placing_basis_group=['OPEN MARKET - DIRECT', 'OPEN MARKET - FACULTATIVE REINSURANCE']; risk_code=['P2', 'P6']; syndicate=[1618.0]",2024-Q1,154,10.92,14.097,False,False
2024-Q3,"group_class=['COMMERCIAL NA OPEN MARKET']; leader_status=['FOLLOW']; loss_census_division=['East North Central', 'East South Central', 'Middle Atlantic', 'Mountain', 'Pacific', 'South Atlantic', 'West North Central', 'West South Central']; new_renewal=['New']; peril_type=['Non-catastrophe - Weather (NC-W)', 'Other Perils - Inland Flood (IF)', 'Severe Storm - Severe Thunderstorm (ST)', 'Severe Storm - Tornado (TD)', 'Severe Storm - Winter Storm (WS)']; placing_basis_group=['OPEN MARKET - DIRECT', 'OPEN MARKET - FACULTATIVE REINSURANCE']; risk_code=['P2', 'P6']; syndicate=[1618.0]",2024-Q2,128,9.79,13.075,False,False
2024-Q3,"group_class=['COMMERCIAL NA OPEN MARKET']; leader_status=['FOLLOW']; loss_census_division=['East North Central', 'East South Central', 'Middle Atlantic', 'Mountain', 'Pacific', 'South Atlantic', 'West North Central', 'West South Central']; new_renewal=['New']; peril_type=['Non-catastrophe - Weather (NC-W)', 'Other Perils - Inland Flood (IF)', 'Severe Storm - Severe Thunderstorm (ST)', 'Severe Storm - Tornado (TD)', 'Severe Storm - Winter Storm (WS)']; placing_basis_group=['OPEN MARKET - DIRECT', 'OPEN MARKET - FACULTATIVE REINSURANCE']; risk_code=['P2', 'P6']; syndicate=[1618.0]",2024-Q3,206,13.43,15.338,True,False
2024-Q3,"group_class=['COMMERCIAL NA OPEN MARKET']; leader_status=['FOLLOW']; loss_census_division=['East North Central', 'East South Central', 'Middle Atlantic', 'Mountain', 'Pacific', 'South Atlantic', 'West North Central', 'West South Central']; new_renewal=['New']; peril_type=['Non-catastrophe - Weather (NC-W)', 'Other Perils - Inland Flood (IF)', 'Severe Storm - Severe Thunderstorm (ST)', 'Severe Storm - Tornado (TD)', 'Severe Storm - Winter Storm (WS)']; placing_basis_group=['OPEN MARKET - DIRECT', 'OPEN MARKET - FACULTATIVE REINSURANCE']; risk_code=['P2', 'P6']; syndicate=[1618.0]",2024-Q4,245,10.09,24.271,False,False
2024-Q4,group_class=['COMMERCIAL NA OPEN MARKET']; leader_status=['FOLLOW']; loss_census_division=['Pacific']; new_renewal=['New']; peril_type=['Severe Storm - Severe Thunderstorm (ST)']; placing_basis_group=['OPEN MARKET - DIRECT']; risk_code=['P2']; syndicate=[1618.0],2022-Q1,0,0.33,0.0,False,False
2024-Q4,group_class=['COMMERCIAL NA OPEN MARKET']; leader_status=['FOLLOW']; loss_census_division=['Pacific']; new_renewal=['New']; peril_type=['Severe Storm - Severe Thunderstorm (ST)']; placing_basis_group=['OPEN MARKET - DIRECT']; risk_code=['P2']; syndicate=[1618.0],2022-Q2,0,0.46,0.0,False,False
2024-Q4,group_class=['COMMERCIAL NA OPEN MARKET']; leader_status=['FOLLOW']; loss_census_division=['Pacific']; new_renewal=['New']; peril_type=['Severe Storm - Severe Thunderstorm (ST)']; placing_basis_group=['OPEN MARKET - DIRECT']; risk_code=['P2']; syndicate=[1618.0],2022-Q3,0,0.24,0.0,False,True
2024-Q4,group_class=['COMMERCIAL NA OPEN MARKET']; leader_status=['FOLLOW']; loss_census_division=['Pacific']; new_renewal=['New']; peril_type=['Severe Storm - Severe Thunderstorm (ST)']; placing_basis_group=['OPEN MARKET - DIRECT']; risk_code=['P2']; syndicate=[1618.0],2022-Q4,0,0.21,0.0,False,True
2024-Q4,group_class=['COMMERCIAL NA OPEN MARKET']; leader_status=['FOLLOW']; loss_census_division=['Pacific']; new_renewal=['New']; peril_type=['Severe Storm - Severe Thunderstorm (ST)']; placing_basis_group=['OPEN MARKET - DIRECT']; risk_code=['P2']; syndicate=[1618.0],2023-Q1,0,0.52,0.0,False,False
2024-Q4,group_class=['COMMERCIAL NA OPEN MARKET']; leader_status=['FOLLOW']; loss_census_division=['Pacific']; new_renewal=['New']; peril_type=['Severe Storm - Severe Thunderstorm (ST)']; placing_basis_group=['OPEN MARKET - DIRECT']; risk_code=['P2']; syndicate=[1618.0],2023-Q2,1,0.53,1.894,False,False
2024-Q4,group_class=['COMMERCIAL NA OPEN MARKET']; leader_status=['FOLLOW']; loss_census_division=['Pacific']; new_renewal=['New']; peril_type=['Severe Storm - Severe Thunderstorm (ST)']; placing_basis_group=['OPEN MARKET - DIRECT']; risk_code=['P2']; syndicate=[1618.0],2023-Q3,7,0.54,12.998,False,False
2024-Q4,group_class=['COMMERCIAL NA OPEN MARKET']; leader_status=['FOLLOW']; loss_census_division=['Pacific']; new_renewal=['New']; peril_type=['Severe Storm - Severe Thunderstorm (ST)']; placing_basis_group=['OPEN MARKET - DIRECT']; risk_code=['P2']; syndicate=[1618.0],2023-Q4,1,0.44,2.265,False,False
2024-Q4,group_class=['COMMERCIAL NA OPEN MARKET']; leader_status=['FOLLOW']; loss_census_division=['Pacific']; new_renewal=['New']; peril_type=['Severe Storm - Severe Thunderstorm (ST)']; placing_basis_group=['OPEN MARKET - DIRECT']; risk_code=['P2']; syndicate=[1618.0],2024-Q1,0,0.75,0.0,False,False
2024-Q4,group_class=['COMMERCIAL NA OPEN MARKET']; leader_status=['FOLLOW']; loss_census_division=['Pacific']; new_renewal=['New']; peril_type=['Severe Storm - Severe Thunderstorm (ST)']; placing_basis_group=['OPEN MARKET - DIRECT']; risk_code=['P2']; syndicate=[1618.0],2024-Q2,5,0.68,7.405,False,False
2024-Q4,group_class=['COMMERCIAL NA OPEN MARKET']; leader_status=['FOLLOW']; loss_census_division=['Pacific']; new_renewal=['New']; peril_type=['Severe Storm - Severe Thunderstorm (ST)']; placing_basis_group=['OPEN MARKET - DIRECT']; risk_code=['P2']; syndicate=[1618.0],2024-Q3,69,0.93,74.483,False,False
2024-Q4,group_class=['COMMERCIAL NA OPEN MARKET']; leader_status=['FOLLOW']; loss_census_division=['Pacific']; new_renewal=['New']; peril_type=['Severe Storm - Severe Thunderstorm (ST)']; placing_basis_group=['OPEN MARKET - DIRECT']; risk_code=['P2']; syndicate=[1618.0],2024-Q4,178,0.7,255.656,True,False
